method,num_clusters,file_name,calc_ens,t_clustering,t_create_model,t_solve,investment_cost_assets,investment_cost_storage_energy_assets,annualized_cost_assets,salvage_value_assets,investment_cost_flows,operational_cost_flows,fuel_cost_flows,total_variable_cost_flows,annualized_cost_flows,salvage_value_flows,energy_not_served
NoExtremePreservation,1752,ward_k1752_utr_NoExtremePreservation_hp0.95_lp0.05,false,0.04705405235290527,50.52662992477417,926.9657509326935,2.3962740530344997e7,0.0,2.3962740530344997e7,0.0,0.0,2.072431553662e6,0.0,2.072431553662e6,0.0,0.0,0.0
NoExtremePreservation,1752,ens_ward_k1752_utr_NoExtremePreservation_hp0.95_lp0.05,true,0.0,52.32222819328308,61.043874979019165,,0.0,,0.0,0.0,2.072431553662e6,0.0,2.072431553662e6,0.0,0.0,118.9733202125691
NoExtremePreservation,1752,ward_k1752_utr_NoExtremePreservation_hp0.95_lp0.05,false,0.10767006874084473,16.680752992630005,43.382529973983765,2.3962740530344997e7,0.0,2.3962740530344997e7,0.0,0.0,2.072431553662e6,0.0,2.072431553662e6,0.0,0.0,0.0
NoExtremePreservation,1752,ens_ward_k1752_utr_NoExtremePreservation_hp0.95_lp0.05,true,0.0,51.75461006164551,59.81600308418274,,0.0,,0.0,0.0,2.072431553662e6,0.0,2.072431553662e6,0.0,0.0,206.5852819196699
NoExtremePreservation,1752,ward_k1752_utr_NoExtremePreservation_hp0.95_lp0.05,false,0.029109954833984375,49.676961183547974,467.0936830043793,2.3962740530344997e7,0.0,2.3962740530344997e7,0.0,0.0,2.072431553662e6,0.0,2.072431553662e6,0.0,0.0,0.0
NoExtremePreservation,1752,ens_ward_k1752_utr_NoExtremePreservation_hp0.95_lp0.05,true,0.0,60.02841806411743,64.03188896179199,,0.0,,0.0,0.0,2.072431553662e6,0.0,2.072431553662e6,0.0,0.0,206.59490883386286
