method,num_clusters,file_name,calc_ens,t_clustering,t_create_model,t_solve,investment_cost_assets,investment_cost_storage_energy_assets,annualized_cost_assets,salvage_value_assets,investment_cost_flows,operational_cost_flows,fuel_cost_flows,total_variable_cost_flows,annualized_cost_flows,salvage_value_flows,energy_not_served
NoExtremePreservation,8760,ward_k8760_perlocation_NoExtremePreservation_hp0.95_lp0.05_highvar,false,4.731993198394775,51.92575478553772,660.035295009613,2.3962740530344997e7,0.0,2.3962740530344997e7,0.0,0.0,2.072431553662e6,0.0,2.072431553662e6,0.0,0.0,0.0
NoExtremePreservation,8760,ens_ward_k8760_perlocation_NoExtremePreservation_hp0.95_lp0.05_highvar,true,0.0,55.06904697418213,58.300538063049316,,0.0,,0.0,0.0,2.072431553662e6,0.0,2.072431553662e6,0.0,0.0,933.981624152267
NoExtremePreservation,8760,ward_k8760_perlocation_NoExtremePreservation_hp0.95_lp0.05_highvar,false,5.817915916442871,56.72770285606384,641.487165927887,2.3962740530344997e7,0.0,2.3962740530344997e7,0.0,0.0,2.072431553662e6,0.0,2.072431553662e6,0.0,0.0,0.0
NoExtremePreservation,8760,ens_ward_k8760_perlocation_NoExtremePreservation_hp0.95_lp0.05_highvar,true,0.0,54.356080055236816,58.22553610801697,,0.0,,0.0,0.0,2.072431553662e6,0.0,2.072431553662e6,0.0,0.0,933.981624152267
NoExtremePreservation,8760,ward_k8760_perlocation_NoExtremePreservation_hp0.95_lp0.05_highvar,false,24.59169602394104,56.63113594055176,707.0784361362457,2.3962740530344997e7,0.0,2.3962740530344997e7,0.0,0.0,2.072431553662e6,0.0,2.072431553662e6,0.0,0.0,0.0
NoExtremePreservation,8760,ens_ward_k8760_perlocation_NoExtremePreservation_hp0.95_lp0.05_highvar,true,0.0,57.78493905067444,60.24223494529724,,0.0,,0.0,0.0,2.072431553662e6,0.0,2.072431553662e6,0.0,0.0,933.981624152267
