method,num_clusters,file_name,calc_ens,t_clustering,t_create_model,t_solve,investment_cost_assets,investment_cost_storage_energy_assets,annualized_cost_assets,salvage_value_assets,investment_cost_flows,operational_cost_flows,fuel_cost_flows,total_variable_cost_flows,annualized_cost_flows,salvage_value_flows,energy_not_served
Afterwards,4000,ward_k4000_perlocation_Afterwards_hp0.95_lp0.05_highvar,false,7.259117841720581,44.90125489234924,444.531405210495,2.3962740530344997e7,0.0,2.3962740530344997e7,0.0,0.0,2.072431553662e6,0.0,2.072431553662e6,0.0,0.0,0.0
Afterwards,4000,ens_ward_k4000_perlocation_Afterwards_hp0.95_lp0.05_highvar,true,0.0,83.27863097190857,96.15347290039062,,0.0,,0.0,0.0,2.072431553662e6,0.0,2.072431553662e6,0.0,0.0,0.0
Afterwards,4000,ward_k4000_perlocation_Afterwards_hp0.95_lp0.05_highvar,false,5.278918981552124,30.3300678730011,397.24686002731323,2.3962740530344997e7,0.0,2.3962740530344997e7,0.0,0.0,2.072431553662e6,0.0,2.072431553662e6,0.0,0.0,0.0
Afterwards,4000,ens_ward_k4000_perlocation_Afterwards_hp0.95_lp0.05_highvar,true,0.0,51.52936601638794,54.60701584815979,,0.0,,0.0,0.0,2.072431553662e6,0.0,2.072431553662e6,0.0,0.0,858.367645238653
