method,num_clusters,file_name,calc_ens,t_clustering,t_create_model,t_solve,investment_cost_assets,investment_cost_storage_energy_assets,annualized_cost_assets,salvage_value_assets,investment_cost_flows,operational_cost_flows,fuel_cost_flows,total_variable_cost_flows,annualized_cost_flows,salvage_value_flows,energy_not_served
Afterwards,3500,ward_k3500_perlocation_Afterwards_hp0.95_lp0.05_highvar,false,6.464545965194702,41.40409302711487,429.58818197250366,2.3962740530344997e7,0.0,2.3962740530344997e7,0.0,0.0,2.072431553662e6,0.0,2.072431553662e6,0.0,0.0,0.0
Afterwards,3500,ens_ward_k3500_perlocation_Afterwards_hp0.95_lp0.05_highvar,true,0.0,80.1567211151123,96.82721614837646,,0.0,,0.0,0.0,2.072431553662e6,0.0,2.072431553662e6,0.0,0.0,0.0
Afterwards,3500,ward_k3500_perlocation_Afterwards_hp0.95_lp0.05_highvar,false,6.6225950717926025,43.16898584365845,398.1725950241089,2.3962740530344997e7,0.0,2.3962740530344997e7,0.0,0.0,2.072431553662e6,0.0,2.072431553662e6,0.0,0.0,0.0
Afterwards,3500,ens_ward_k3500_perlocation_Afterwards_hp0.95_lp0.05_highvar,true,0.0,79.79193997383118,84.97315001487732,,0.0,,0.0,0.0,2.072431553662e6,0.0,2.072431553662e6,0.0,0.0,884.9361600335462
