method,num_clusters,file_name,calc_ens,t_clustering,t_create_model,t_solve,investment_cost_assets,investment_cost_storage_energy_assets,annualized_cost_assets,salvage_value_assets,investment_cost_flows,operational_cost_flows,fuel_cost_flows,total_variable_cost_flows,annualized_cost_flows,salvage_value_flows,energy_not_served
Afterwards,2500,ward_k2500_perprofile_Afterwards_hp0.95_lp0.05_highvar,false,6.303076982498169,54.27824091911316,788.2587859630585,2.3962740530344997e7,0.0,2.3962740530344997e7,0.0,0.0,2.072431553662e6,0.0,2.072431553662e6,0.0,0.0,0.0
Afterwards,2500,ens_ward_k2500_perprofile_Afterwards_hp0.95_lp0.05_highvar,true,0.0,77.49846386909485,89.35698199272156,,0.0,,0.0,0.0,2.072431553662e6,0.0,2.072431553662e6,0.0,0.0,0.0
Afterwards,2500,ward_k2500_perprofile_Afterwards_hp0.95_lp0.05_highvar,false,7.534997940063477,60.23639798164368,800.3835160732269,2.3962740530344997e7,0.0,2.3962740530344997e7,0.0,0.0,2.072431553662e6,0.0,2.072431553662e6,0.0,0.0,0.0
Afterwards,2500,ens_ward_k2500_perprofile_Afterwards_hp0.95_lp0.05_highvar,true,0.0,94.27318906784058,77.68349504470825,,0.0,,0.0,0.0,2.072431553662e6,0.0,2.072431553662e6,0.0,0.0,880.0930902415139
