method,num_clusters,file_name,calc_ens,t_clustering,t_create_model,t_solve,investment_cost_assets,investment_cost_storage_energy_assets,annualized_cost_assets,salvage_value_assets,investment_cost_flows,operational_cost_flows,fuel_cost_flows,total_variable_cost_flows,annualized_cost_flows,salvage_value_flows,energy_not_served
Afterwards,3500,ward_k3500_perprofile_Afterwards_hp0.95_lp0.05_highvar,false,7.114053010940552,63.468794107437134,715.7318940162659,2.3962740530344997e7,0.0,2.3962740530344997e7,0.0,0.0,2.072431553662e6,0.0,2.072431553662e6,0.0,0.0,0.0
Afterwards,3500,ens_ward_k3500_perprofile_Afterwards_hp0.95_lp0.05_highvar,true,0.0,81.83725190162659,91.90535688400269,,0.0,,0.0,0.0,2.072431553662e6,0.0,2.072431553662e6,0.0,0.0,0.0
Afterwards,3500,ward_k3500_perprofile_Afterwards_hp0.95_lp0.05_highvar,false,7.7725889682769775,74.34328103065491,825.7763237953186,2.3962740530344997e7,0.0,2.3962740530344997e7,0.0,0.0,2.072431553662e6,0.0,2.072431553662e6,0.0,0.0,0.0
Afterwards,3500,ens_ward_k3500_perprofile_Afterwards_hp0.95_lp0.05_highvar,true,0.0,94.82190799713135,88.26748204231262,,0.0,,0.0,0.0,2.072431553662e6,0.0,2.072431553662e6,0.0,0.0,967.9349325235896
