method,num_clusters,file_name,calc_ens,t_clustering,t_create_model,t_solve,investment_cost_assets,investment_cost_storage_energy_assets,annualized_cost_assets,salvage_value_assets,investment_cost_flows,operational_cost_flows,fuel_cost_flows,total_variable_cost_flows,annualized_cost_flows,salvage_value_flows,energy_not_served
Afterwards,2500,ward_k2500_perlocation_Afterwards_hp0.95_lp0.05_highvar,false,6.90004301071167,34.740554094314575,269.40768599510193,2.3962740530344997e7,0.0,2.3962740530344997e7,0.0,0.0,2.072431553662e6,0.0,2.072431553662e6,0.0,0.0,0.0
Afterwards,2500,ens_ward_k2500_perlocation_Afterwards_hp0.95_lp0.05_highvar,true,0.0,82.71754312515259,92.13150405883789,,0.0,,0.0,0.0,2.072431553662e6,0.0,2.072431553662e6,0.0,0.0,0.0
Afterwards,2500,ward_k2500_perlocation_Afterwards_hp0.95_lp0.05_highvar,false,4.814605951309204,26.346800088882446,252.02340006828308,2.3962740530344997e7,0.0,2.3962740530344997e7,0.0,0.0,2.072431553662e6,0.0,2.072431553662e6,0.0,0.0,0.0
Afterwards,2500,ens_ward_k2500_perlocation_Afterwards_hp0.95_lp0.05_highvar,true,0.0,55.89006996154785,64.07761597633362,,0.0,,0.0,0.0,2.072431553662e6,0.0,2.072431553662e6,0.0,0.0,915.3479040311983
