method,num_clusters,file_name,calc_ens,t_clustering,t_create_model,t_solve,investment_cost_assets,investment_cost_storage_energy_assets,annualized_cost_assets,salvage_value_assets,investment_cost_flows,operational_cost_flows,fuel_cost_flows,total_variable_cost_flows,annualized_cost_flows,salvage_value_flows,energy_not_served
Afterwards,3500,ward_k3500_perlocation_Afterwards_hp0.95_lp0.05_lowvar,false,5.449447154998779,27.980397939682007,283.18846702575684,2.3962740530344997e7,0.0,2.3962740530344997e7,0.0,0.0,2.072431553662e6,0.0,2.072431553662e6,0.0,0.0,0.0
Afterwards,3500,ens_ward_k3500_perlocation_Afterwards_hp0.95_lp0.05_lowvar,true,0.0,58.888755083084106,65.47929310798645,,0.0,,0.0,0.0,2.072431553662e6,0.0,2.072431553662e6,0.0,0.0,27864.595398324687
Afterwards,3500,ward_k3500_perlocation_Afterwards_hp0.95_lp0.05_lowvar,false,7.388266086578369,40.639472007751465,441.5462350845337,2.3962740530344997e7,0.0,2.3962740530344997e7,0.0,0.0,2.072431553662e6,0.0,2.072431553662e6,0.0,0.0,0.0
Afterwards,3500,ens_ward_k3500_perlocation_Afterwards_hp0.95_lp0.05_lowvar,true,0.0,76.39407801628113,88.45535206794739,,0.0,,0.0,0.0,2.072431553662e6,0.0,2.072431553662e6,0.0,0.0,0.0
